Directory,Status (Not Started/Pending/Live),Listing URL,NAP Verified (Y/N),Login Email,Notes,Last Checked
Google Business Profile,Live,,Y,,Primary listing for Top Tier Electrical Services,2026-02-10
Bing Places,Not Started,,,,,
Apple Maps,Not Started,,,,,
Yelp,Not Started,,,,,
Facebook,Not Started,,,,,
BBB,Not Started,,,,,
Angi,Not Started,,,,,
HomeAdvisor,Not Started,,,,,
Thumbtack,Not Started,,,,,
Nextdoor,Not Started,,,,,
YellowPages,Not Started,,,,,
Manta,Not Started,,,,,
Local Chamber,Not Started,,,,,
IEC/ABC (if member),Not Started,,,,,
